{
	"metadata" : {
		"formatVersion" : 3,
		"description" : "Exported from LibZinc."
	},

	"vertices" : [
		120.238869,-42.958851,-87.091301,125.070045,-44.623734,-90.962975,129.297852,-46.294975,-96.114059,133.440567,-48.090267,-102.394279,138.016464,-50.127308,-109.653374,120.330650,-30.165928,-81.185181,126.643250,-31.818007,-85.507347,132.678131,-33.812355,-91.639793,138.497025,-36.081474,-99.149513,144.161667,-38.557865,-107.603531,
		117.746437,-16.125263,-75.505852,126.387466,-17.477924,-80.135811,134.350357,-19.586357,-86.924026,141.809296,-22.301142,-95.635429,148.938477,-25.472857,-106.034973,113.628700,-2.075316,-71.149796,124.576302,-3.007497,-75.985504,134.419113,-4.963680,-83.205002,143.470001,-7.857795,-92.893600,152.041885,-11.603769,-105.136620,
		109.119896,10.745459,-69.213501,121.483353,10.189267,-74.193581,132.988968,8.708982,-81.720970,143.571793,6.140049,-91.965599,153.166855,2.317908,-105.097412,109.119896,10.745459,-69.213501,121.483353,10.189267,-74.193581,132.988968,8.708982,-81.720970,143.571793,6.140049,-91.965599,153.166855,2.317908,-105.097412,
		104.815178,21.782963,-69.157791,117.784142,21.773840,-74.000793,130.432556,21.259657,-81.667023,142.178452,19.710943,-92.168228,152.439896,16.598228,-105.516151,100.665970,32.012123,-70.001511,114.008469,32.825336,-74.343369,127.062126,33.597897,-81.876015,139.257904,33.454987,-92.502655,150.026810,31.521790,-106.126457,
		96.849190,42.488029,-72.178192,110.211372,44.066204,-75.901672,122.891800,45.999290,-83.042831,134.759003,47.135967,-93.536980,145.681503,46.324917,-107.319435,93.541756,54.265762,-76.121391,106.447899,56.218895,-79.356094,117.935692,58.739429,-85.862350,128.630539,60.517677,-95.839325,139.157883,60.243938,-109.486191,
		93.541756,54.265762,-76.121391,106.447899,56.218895,-79.356094,117.935692,58.739429,-85.862350,128.630539,60.517677,-95.839325,139.157883,60.243938,-109.486191,90.582634,65.686020,-82.491341,101.485428,67.582581,-85.385643,111.207375,70.256210,-91.238335,120.260277,72.303535,-100.019455,129.155945,72.321175,-111.699020,
		87.878487,74.847618,-91.214706,95.101387,76.418053,-93.613823,102.538910,78.984840,-98.586838,109.579964,81.180473,-105.295219,115.613464,81.637474,-112.900421,85.707756,82.442818,-101.624695,88.865852,83.390198,-103.137749,93.172142,85.196869,-106.371140,97.354538,86.887566,-110.146835,100.140945,87.486992,-113.286789,
		84.348923,89.163879,-113.054527,84.348923,89.163879,-113.054527,84.348923,89.163879,-113.054527,84.348923,89.163879,-113.054527,84.348923,89.163879,-113.054527,102.367378,-36.615437,-79.702728,107.428467,-38.377365,-80.821617,111.551178,-39.905296,-82.304764,115.549866,-41.374149,-84.334038,120.238869,-42.958851,-87.091301,
		95.819008,-25.405220,-74.944260,102.327858,-26.497707,-75.358086,108.298729,-27.609316,-76.474876,114.157654,-28.809053,-78.386581,120.330650,-30.165928,-81.185181,86.407776,-14.731502,-71.510971,94.885857,-14.369190,-70.417236,102.247864,-14.604428,-70.823860,109.524490,-15.251643,-72.572762,117.746437,-16.125263,-75.505852,
		74.898842,-5.050141,-70.187378,85.434319,-3.076524,-67.463188,94.381386,-2.091076,-66.889328,103.269653,-1.841455,-68.205093,113.628700,-2.075316,-71.149796,62.057396,3.183003,-71.757965,74.305077,6.295580,-67.960091,85.682106,8.730291,-66.208885,97.012413,10.281972,-66.596107,109.119896,10.745459,-69.213501,
		62.057396,3.183003,-71.757965,74.305077,6.295580,-67.960091,85.682106,8.730291,-66.208885,97.012413,10.281972,-66.596107,109.119896,10.745459,-69.213501,49.739250,11.534157,-77.329330,63.070114,14.917471,-71.856728,77.165680,18.220200,-68.368866,91.317017,20.742107,-67.318352,104.815178,21.782963,-69.157791,
		40.044441,21.841234,-85.955872,53.870193,24.884562,-77.517105,69.792686,28.038591,-71.788719,85.996437,30.636665,-69.155319,100.665970,32.012123,-70.001511,34.104458,34.055908,-95.343742,47.890347,36.499741,-84.028137,64.463318,38.934155,-76.255730,81.543037,41.037476,-72.235939,96.849190,42.488029,-72.178192,
		33.050777,48.129852,-103.199112,46.315605,50.065895,-90.476738,62.077770,51.655571,-81.557159,78.449181,53.016365,-76.689140,93.541756,54.265762,-76.121391,33.050777,48.129852,-103.199112,46.315605,50.065895,-90.476738,62.077770,51.655571,-81.557159,78.449181,53.016365,-76.689140,93.541756,54.265762,-76.121391,
		39.169544,62.850986,-108.207283,50.420155,64.118561,-97.024475,63.847984,64.654739,-88.512329,77.789864,64.997803,-83.418671,90.582634,65.686020,-82.491341,51.875702,75.818245,-111.051010,59.407692,76.155235,-103.705849,69.267845,75.561813,-97.081314,79.432617,74.853951,-92.482552,87.878487,74.847618,-91.214706,
		67.993935,85.199806,-112.432648,71.357521,84.921738,-109.417107,76.660454,83.892838,-105.762558,82.058586,82.828186,-102.741066,85.707756,82.442818,-101.624695,84.348923,89.163879,-113.054527,84.348923,89.163879,-113.054527,84.348923,89.163879,-113.054527,84.348923,89.163879,-113.054527,84.348923,89.163879,-113.054527,
		97.108910,-79.577309,-112.190346,97.108910,-79.577309,-112.190346,97.108910,-79.577309,-112.190346,97.108910,-79.577309,-112.190346,97.108910,-79.577309,-112.190346,105.684113,-69.930855,-105.098137,106.577293,-70.636627,-106.563507,107.542152,-71.878151,-109.261284,108.493713,-73.139053,-112.135490,109.347000,-73.902969,-114.130142,
		112.480270,-61.698101,-98.707291,114.762695,-62.864761,-101.229485,116.583633,-64.435669,-105.095001,118.362030,-66.068604,-109.525085,120.516808,-67.421341,-113.740990,117.373230,-53.250332,-92.783203,121.111488,-54.710777,-96.069046,123.934990,-56.243423,-100.457314,126.686699,-57.880741,-105.798294,130.209549,-59.655193,-111.942268,
		120.238869,-42.958851,-87.091301,125.070045,-44.623734,-90.962975,129.297852,-46.294975,-96.114059,133.440567,-48.090267,-102.394279,138.016464,-50.127308,-109.653374,97.108910,-79.577309,-112.190346,97.108910,-79.577309,-112.190346,97.108910,-79.577309,-112.190346,97.108910,-79.577309,-112.190346,97.108910,-79.577309,-112.190346,
		97.442337,-69.629715,-102.818230,99.084595,-69.797203,-103.168907,101.601990,-69.798752,-103.787521,104.099998,-69.791061,-104.491463,105.684113,-69.930855,-105.098137,100.924812,-58.996498,-93.847794,103.864685,-59.804008,-94.589302,106.826569,-60.406376,-95.731415,109.726433,-60.979202,-97.146591,112.480270,-61.698101,-98.707291,
		103.813942,-47.913219,-85.926735,107.846771,-49.397480,-86.968040,110.802887,-50.681465,-88.433380,113.654350,-51.915604,-90.359520,117.373230,-53.250332,-92.783203,102.367378,-36.615437,-79.702728,107.428467,-38.377365,-80.821617,111.551178,-39.905296,-82.304764,115.549866,-41.374149,-84.334038,120.238869,-42.958851,-87.091301
	],