{"farPlane": 1890.440535, "nearPlane": 46.58, "upVector": [0, 0, 1], "numberOfResources": 6, "targetPosition": [ 2.94879, 1.2366, 28.5803], "timeEnabled": [0,0,0,0,0], "morphColour" : [0,0,0,0,0], "eyePosition": [2.94879, -930.448, 28.5803]}
